,Unnamed: 0,Company,Symbol,Country,Class of Share,Traded Currency,Primary listing,Valor Number,ticker,sector,industry,ebitdaMargins,profitMargins,revenueGrowth,operatingMargins,returnOnAssets,recommendationKey,recommendationMean,debtToEquity,totalCashPerShare,quickRatio,exchange,beta,enterpriseToEbitda,enterpriseToRevenue,bookValue,earningsQuarterlyGrowth,forwardPE,mostRecentQuarter,logo_url
0,0,3M Company,MMM,US,Registered Share,CHF,False,1405105,MMM.SW,Industrials,Specialty Industrial Machinery,0.29003,0.17038,0.247,0.23501,0.10925999,none,,131.71,9.51,1.112,EBS,0.9585790000000001,11.64,3.3760000000000003,24.969,0.16699999999999998,,2021-06-30,https://logo.clearbit.com/3m.com
1,1,ABB Ltd,ABBN,CH,Registered Share,CHF,True,1222171,ABBN.SW,Industrials,Electrical Equipment & Parts,0.1288,0.20292000000000002,0.21,0.09835,0.04004,none,,52.615,1.9380000000000002,0.7609999999999999,EBS,1.06285,20.038,2.5810000000000004,6.945,1.357,,2021-06-30,https://logo.clearbit.com/global.abb
2,2,Abbott Laboratories,ABT,US,Registered Share,CHF,False,903037,ABT.SW,Healthcare,Medical Devices,0.28964,0.15847999,0.395,0.20309000000000002,0.07191,none,,54.368,5.045,1.194,EBS,0.646046,16.814,4.87,19.066,1.214,,2021-06-30,https://logo.clearbit.com/abbott.com
3,3,Achiko AG,ACHI,CH,Registered Share,CHF,True,52221346,ACHI.SW,Technology,Information Technology Services,0.0,0.0,-0.9640000000000001,-4.525,-2.92086,none,,,0.006,0.11900000000000001,EBS,,-1.9240000000000002,8.691,-0.038,,,2020-12-31,https://logo.clearbit.com/achiko.com
4,4,Addex Therapeutics Ltd,ADXN,CH,Registered Share,CHF,True,2985075,ADXN.SW,Healthcare,Biotechnology,0.0,0.0,0.15,-3.17185,-0.35395,none,,2.5580000000000003,0.532,5.2589999999999995,EBS,1.460157,-2.638,8.472999999999999,0.48100000000000004,,,2021-06-30,https://logo.clearbit.com/addextherapeutics.com
5,5,Adecco Group AG,ADEN,CH,Registered Share,CHF,True,1213860,ADEN.SW,Industrials,Staffing & Employment Services,0.04777,0.024319999,0.259,0.04161,0.055069997999999995,none,,72.507,7.9879999999999995,1.168,EBS,1.338945,9.545,0.456,19.422,5.905,,2021-06-30,https://logo.clearbit.com/adeccogroup.com
6,6,Adval Tech Holding AG,ADVN,CH,Registered Share,CHF,True,896792,ADVN.SW,Industrials,Metal Fabrication,0.11982999999999999,0.051960003,0.469,0.06822,0.043460000000000006,none,,0.486,24.754,1.797,EBS,0.305274,5.992999999999999,0.718,178.65900000000002,87.75,,2021-06-30,https://logo.clearbit.com/advaltech.com
7,7,AEVIS VICTORIA SA,AEVS,CH,Registered Share,CHF,True,47863410,AEVS.SW,Healthcare,Medical Care Facilities,0.01898,-0.05088,0.02,-0.056599997,-0.01625,none,,200.585,0.789,0.6759999999999999,EBS,0.275533,162.786,3.09,4.35,,,2020-12-31,https://logo.clearbit.com/aevis.com
8,8,Airesis SA,AIRE,CH,Registered Share,CHF,True,1094762,AIRE.SW,Financial Services,Asset Management,-0.16455999,-0.18200001,-0.221,-0.18361999,-0.072519995,none,,,0.079,0.36,EBS,0.631313,-8.359,1.376,-0.055,,,2020-12-31,https://logo.clearbit.com/airesis.com
9,9,Alcon Inc.,ALC,CH,Registered Share,CHF,True,43249246,ALC.SW,Healthcare,Medical Instruments & Supplies,0.23202999,0.02341,0.738,0.06677000000000001,0.01181,none,,23.647,2.798,1.399,EBS,0.473813,21.906999999999996,5.083,38.906,,,2021-06-30,https://logo.clearbit.com/alcon.com
10,10,Allreal Holding AG,ALLN,CH,Registered Share,CHF,True,883756,ALLN.SW,Real Estate,Real Estate Services,0.33264,0.33195,0.25,0.32936,0.02428,none,,91.86200000000001,1.6580000000000001,0.124,EBS,0.22222199999999998,27.136999999999997,9.027000000000001,151.812,0.28800000000000003,25.006485,2021-06-30,https://logo.clearbit.com/allreal.ch
11,11,Alpine Select AG,ALPN,CH,Registered Share,CHF,True,1919955,ALPN.SW,Financial Services,Asset Management,0.0,0.66600996,1.68,0.71829003,0.028730000000000002,none,,,0.72,3.88,EBS,0.274971,,14.255,13.964,2.269,,2020-12-31,https://logo.clearbit.com/alpine-select.ch
12,12,ALSO Holding AG,ALSN,CH,Registered Share,CHF,True,2459027,ALSN.SW,Technology,Information Technology Services,0.018550001,0.01208,0.09699999999999999,0.01709,0.04937,none,,48.805,27.0,0.242,EBS,0.854657,16.713,0.31,66.102,0.44799999999999995,33.108868,2021-06-30,https://logo.clearbit.com/also.com
13,13,Aluflexpack AG,AFP,CH,Registered Share,CHF,True,45322689,AFP.SW,Consumer Cyclical,Packaging & Containers,0.13423,0.03664,0.163,0.0698,0.037239999999999995,none,,21.142,2.563,1.061,EBS,0.9197719999999999,18.046,2.4219999999999997,10.006,0.461,,2020-12-31,https://logo.clearbit.com/aluflexpack.com
14,14,ams AG,AMS,AT,Bearer Share,CHF,True,24924656,AMS.SW,Technology,Semiconductors,0.20027,-0.030469998999999998,1.964,0.039979997999999996,0.016640000000000002,none,,117.087,5.1579999999999995,0.76,EBS,2.1745229999999998,6.559,1.314,10.832,,,2021-06-30,https://logo.clearbit.com/ams.com
15,15,Anglo American plc,AAM,GB,Registered Share,CHF,False,3186826,AAM.SW,Basic Materials,Other Industrial Metals & Mining,0.41695,0.16016,1.138,0.35553002,0.15117,none,,34.75,8.847999999999999,1.429,EBS,1.202581,3.117,1.3,23.968000000000004,10.015,,2021-06-30,https://logo.clearbit.com/angloamerican.com
16,16,APG SGA SA,APGN,CH,Registered Share,CHF,True,1910702,APGN.SW,Communication Services,Advertising Agencies,0.10826000599999999,0.07388,-0.017,0.0694,0.06046,none,,,17.413,1.033,EBS,0.993265,21.698,2.349,30.09,,12.242627,2021-06-30,https://logo.clearbit.com/apgsga.ch
17,17,Arbonia AG,ARBN,CH,Registered Share,CHF,True,11024060,ARBN.SW,Industrials,Building Products & Equipment,0.11619000000000002,0.06767999999999999,0.195,0.06339,0.028269999,none,,22.004,0.479,0.494,EBS,1.478675,11.282,1.311,13.42,7.022,20.382978,2021-06-30,https://logo.clearbit.com/arbonia.com
18,18,Arundel AG,ARON,CH,Registered Share,CHF,True,227101,ARON.SW,Financial Services,Capital Markets,0.3397,1.1364499,0.033,0.29268998,0.00808,none,,450.29400000000004,0.085,0.337,EBS,0.8815930000000001,66.423,22.564,2.314,,,2020-12-31,https://logo.clearbit.com/arundel-ag.com
19,19,ARYZTA AG,ARYN,CH,Registered Share,CHF,True,4323836,ARYN.SW,Consumer Defensive,Packaged Foods,0.01556,-0.11632,-0.21,-0.0465,-0.022680000000000002,none,,110.141,0.39399999999999996,0.53,EBS,2.3069580000000003,50.591,0.787,1.1540000000000001,,8.613334,2021-01-30,https://logo.clearbit.com/aryzta.com
20,20,Ascom Holding AG,ASCN,CH,Registered Share,CHF,True,1133920,ASCN.SW,Healthcare,Health Information Services,0.057350002000000004,0.03232,0.05,0.047620002,0.04355,none,,,0.917,1.0659999999999998,EBS,1.502805,30.11,1.7269999999999999,2.092,,14.72,2021-06-30,https://logo.clearbit.com/ascom.com
21,21,ASMALLWORLD AG,ASWN,CH,Registered Share,CHF,True,40488012,ASWN.SW,Consumer Cyclical,Travel Services,0.102749996,0.0699,0.5589999999999999,0.08637,0.09806000000000001,none,,,0.504,0.68,EBS,,24.775,2.545,-0.531,1.2590000000000001,,2021-06-30,https://logo.clearbit.com/asmallworldag.com
22,22,Autoneum Holding AG,AUTN,CH,Registered Share,CHF,True,12748036,AUTN.SW,Consumer Cyclical,Auto Parts,0.08251,0.027469999999999998,0.21899999999999997,0.03778,0.026619999,none,,139.434,27.478,0.7070000000000001,EBS,2.03872,9.177,0.757,78.774,,8.195803999999999,2021-06-30,https://logo.clearbit.com/autoneum.com
23,23,Bachem Holding AG,BANB,CH,Registered Share,CHF,True,1253020,BANB.SW,Basic Materials,Chemicals,0.29733000000000004,0.19419001,0.255,0.24045999999999998,0.08897000599999999,none,,22.608,1.679,0.76,EBS,0.43658800000000003,79.393,23.605999999999998,33.988,0.341,176.37796,2020-12-31,https://logo.clearbit.com/bachem.com
24,24,Bâloise Holding AG,BALN,CH,Registered Share,CHF,True,1241051,BALN.SW,Financial Services,Insurance—Diversified,0.23252001,0.051870000000000006,0.599,0.22930999,0.01732,none,,34.955,464.17900000000003,30.855999999999998,EBS,1.1790120000000002,-4.644,-1.08,157.286,0.701,11.769772999999999,2021-06-30,https://logo.clearbit.com/baloise.com
25,25,Bank Linth LLB AG,LINN,CH,Registered Share,CHF,True,130775,LINN.SW,Financial Services,Banks—Regional,0.0,0.28034002,0.032,0.32944,0.00316,none,,,2106.326,,EBS,,,20.303,665.1289999999999,0.10400000000000001,,2021-06-30,https://logo.clearbit.com/banklinth.ch
26,26,Banque Cantonale de Genève,BCGE,CH,Registered Share,CHF,True,35049471,BCGE.SW,Financial Services,Banks—Regional,0.0,0.29400998,0.11900000000000001,0.36021,0.0041600000000000005,none,,,12.382,,EBS,0.16273800000000002,,24.345,242.37900000000002,0.163,,2021-06-30,https://logo.clearbit.com/bcge.ch
27,27,Banque Cantonale du Jura SA,BCJ,CH,Registered Share,CHF,True,35066567,BCJ.SW,Financial Services,Banks—Regional,0.0,0.1633,-0.162,0.22635999999999998,0.0019100000000000002,none,,,266.63,,EBS,0.319865,,17.82,87.00399999999999,-0.961,,2020-12-31,https://logo.clearbit.com/bcj.ch
28,28,Banque Cantonale Vaudoise,BCVN,CH,Registered Share,CHF,True,53175175,BCVN.SW,Financial Services,Banks—Regional,0.0,0.36016998,0.034,0.41257998,0.006540000000000001,none,,,146.385,,EBS,0.315375,,9.134,41.625,0.098,1.956849,2021-06-30,https://logo.clearbit.com/bcv.ch
29,29,Barry Callebaut AG,BARN,CH,Registered Share,CHF,True,900296,BARN.SW,Consumer Defensive,Confectioners,0.09456999599999999,0.04735,-0.075,0.07361000000000001,0.040599998,none,,105.77799999999999,158.668,0.685,EBS,0.310886,23.639,2.235,451.894,-0.013999999999999999,33.087315000000004,2021-02-28,https://logo.clearbit.com/barry-callebaut.com
30,30,Basellandschaftliche Kantonalbank,BLKB,CH,Participation Certificate,CHF,True,147355,BLKB.SW,Financial Services,Banks—Regional,0.0,0.40869,0.068,0.41140997,0.00471,none,,,2164.485,,EBS,0.195847,,16.593,1182.651,0.07400000000000001,,2021-06-30,https://logo.clearbit.com/blkb.ch
31,31,Basilea Pharmaceutica AG,BSLN,CH,Registered Share,CHF,True,1143244,BSLN.SW,Healthcare,Biotechnology,-0.30179,-0.39604,-0.218,-0.30776,-0.102019995,none,,,13.809000000000001,5.1,EBS,0.935465,-18.445999999999998,5.567,-6.678,,-22.065115,2021-06-30,https://logo.clearbit.com/basilea.com
32,32,Basler Kantonalbank,BSKP,CH,Participation Certificate,CHF,True,923646,BSKP.SW,Financial Services,Banks—Regional,0.0,0.19458,0.16899999999999998,0.21124001,0.0020800000000000003,none,,,250.34400000000002,,EBS,0.49719399999999997,,21.043000000000003,95.181,0.061,,2021-06-30,https://logo.clearbit.com/bkb.ch
33,33,Baxter International Inc.,BAX,US,Registered Share,CHF,False,911702,BAX.SW,Healthcare,Medical Instruments & Supplies,0.22768000000000002,0.09182,0.14,0.15709,0.06118,none,,77.75,6.273,1.571,EBS,0.661646,16.397000000000002,3.733,16.993,0.21100000000000002,,2021-06-30,https://logo.clearbit.com/baxter.com
34,34,BB Biotech AG,BION,CH,Registered Share,CHF,True,3838999,BION.SW,Healthcare,Biotechnology,0.0,0.9145200000000001,-0.879,0.91924006,0.09498,none,,7.412999999999999,78.523,14.044,EBS,0.940516,,1.305,73.051,-0.8909999999999999,11.272152,2021-06-30,https://logo.clearbit.com/bbbiotech.ch
35,35,BELIMO Holding AG,BEAN,CH,Registered Share,CHF,True,110109816,BEAN.SW,Industrials,Building Products & Equipment,0.21209,0.15371001,0.147,0.17927,0.13906,none,,2.878,10.071,2.323,EBS,0.829405,38.476,8.16,37.728,0.545,3.0308770000000003,2021-06-30,https://logo.clearbit.com/belimo.com
36,36,Bell Food Group AG,BELL,CH,Registered Share,CHF,True,31596632,BELL.SW,Consumer Defensive,Packaged Foods,0.07739,0.03277,0.031,0.040080000000000005,0.0379,none,,62.623000000000005,23.999000000000002,0.956,EBS,0.250841,7.765,0.601,220.918,0.433,9.691552,2021-06-30,https://logo.clearbit.com/bellfoodgroup.com
37,37,Bellevue Group AG,BBN,CH,Registered Share,CHF,True,2842210,BBN.SW,Financial Services,Asset Management,0.0,0.29059,0.507,0.42589,0.19927,none,,2.515,3.989,1.811,EBS,0.757575,,4.0889999999999995,9.812999999999999,3.0789999999999997,,2021-06-30,https://logo.clearbit.com/bellevue.ch
38,38,Bergbahnen Engelberg-Trübsee-Titlis AG,TIBN,CH,Registered Share,CHF,True,52704495,TIBN.SW,Consumer Cyclical,Leisure,-0.05045,-0.93214,-0.385,-0.72644997,-0.067389995,none,,13.443,2.372,1.2819999999999998,EBS,0.907407,-128.05700000000002,6.46,39.132,,,2021-04-30,https://logo.clearbit.com/titlis.ch
39,39,Berner Kantonalbank AG,BEKN,CH,Registered Share,CHF,True,969160,BEKN.SW,Financial Services,Banks—Regional,0.0,0.35126999999999997,0.11,0.40948,0.0041600000000000005,none,,,952.81,,EBS,0.520763,,4.5680000000000005,286.131,0.059000000000000004,14.495799,2021-06-30,https://logo.clearbit.com/bekb.ch
40,40,BKW AG,BKW,CH,Registered Share,CHF,True,13029366,BKW.SW,Utilities,Utilities—Renewable,0.21299,0.120179996,0.055999999999999994,0.1449,0.0292,none,,37.446999999999996,19.217,1.44,EBS,0.17732799999999999,9.817,2.0909999999999997,70.046,0.297,25.144232000000002,2020-12-31,https://logo.clearbit.com/bkw.ch
41,41,Blackstone Resources AG,BLS,CH,Registered Share,CHF,True,46002711,BLS.SW,Basic Materials,Other Industrial Metals & Mining,0.0,1870.8354,-0.521,-467.5021,-0.0256,none,,16.707,0.023,1.136,EBS,1.70366,-67.675,22120.347999999998,0.9129999999999999,,,2020-12-31,https://logo.clearbit.com/blackstoneresources.ch
42,42,Bobst Group SA,BOBNN,CH,Registered Share,CHF,True,1268465,BOBNN.SW,Industrials,Specialty Industrial Machinery,0.06268,0.03708,0.27399999999999997,0.03497,0.01974,none,,66.385,25.296999999999997,0.956,EBS,1.1694719999999998,14.015999999999998,0.879,31.121,,15.9116535,2021-06-30,https://logo.clearbit.com/bobst.com
43,43,Bossard Holding AG,BOSN,CH,Registered Share,CHF,True,23862714,BOSN.SW,Industrials,Industrial Distribution,0.14290999999999998,0.09598999999999999,0.239,0.12389000000000001,0.10002,none,,61.851000000000006,8.595,1.058,EBS,1.2530860000000001,19.637,2.806,41.6,0.637,33.65801,2021-06-30,https://logo.clearbit.com/bossard.com
44,44,Bucher Industries AG,BUCN,CH,Registered Share,CHF,True,243217,BUCN.SW,Industrials,Specialty Industrial Machinery,0.124510005,0.07317,0.185,0.09642999599999999,0.07264,none,,11.387,48.748999999999995,1.236,EBS,1.0089780000000002,11.975,1.4909999999999999,143.703,1.0,21.752913,2021-06-30,https://logo.clearbit.com/bucherindustries.com
45,45,Burckhardt Compression Holding AG,BCHN,CH,Registered Share,CHF,True,2553602,BCHN.SW,Industrials,Specialty Industrial Machinery,0.12455,0.06331999599999999,0.069,0.09708,0.04715,none,,71.609,41.423,1.0979999999999999,EBS,1.4320979999999999,16.585,2.066,71.91199999999999,1.183,29.082863,2020-09-30,https://logo.clearbit.com/burckhardtcompression.com
46,46,Burkhalter Holding AG,BRKN,CH,Registered Share,CHF,True,21225580,BRKN.SW,Industrials,Engineering & Construction,0.035669997,0.028970001000000002,0.021,0.030150002000000002,0.044109996,none,,17.726,7.187,1.5019999999999998,EBS,0.72615,20.546,0.733,11.899000000000001,-0.043,10.075643,2020-12-31,https://logo.clearbit.com/burkhalter.ch
47,47,BVZ Holding AG,BVZN,CH,Registered Share,CHF,True,820735,BVZN.SW,Industrials,Railroads,0.1325,-0.05802,-0.311,-0.053579997000000004,-0.01006,none,,106.649,99.294,0.878,EBS,0.662177,21.241,2.8139999999999996,851.78,-0.863,,2020-12-31,https://logo.clearbit.com/bvzholding.ch
48,48,Bystronic AG,BYS,CH,Registered Share,CHF,True,24401750,BYS.SW,Industrials,Specialty Industrial Machinery,0.05756,-0.03063,0.183,0.031659997999999995,0.02308,none,,0.845,232.487,2.0269999999999997,EBS,1.134118,27.419,1.578,384.27099999999996,,,2021-06-30,https://logo.clearbit.com/bystronic.com
49,49,Calida Holding AG,CALN,CH,Registered Share,CHF,True,12663946,CALN.SW,Consumer Cyclical,Apparel Manufacturing,0.06813999999999999,0.05959,0.335,0.0464,0.031389999999999994,none,,29.478,3.948,0.519,EBS,0.473625,15.942,1.0859999999999999,19.982,,20.848215,2021-06-30,https://logo.clearbit.com/calidagroup.com
50,50,Carlo Gavazzi Holding AG,GAV,CH,Bearer Share,CHF,True,1100359,GAV.SW,Industrials,Electrical Equipment & Parts,0.13825,0.08135,0.085,0.11615,0.07487,none,,8.014,87.89200000000001,2.6839999999999997,EBS,0.682379,6.282,0.868,149.441,2.2159999999999997,,2021-03-31,https://logo.clearbit.com/carlogavazzi.com
51,51,Cassiopea S.p.A.,SKIN,IT,Registered Share,CHF,True,28252872,SKIN.SW,Healthcare,Biotechnology,0.0,0.0,,-21.244107999999997,-0.37412998,none,,63.281000000000006,0.16699999999999998,0.401,EBS,1.521885,-33.629,704.2239999999999,0.9159999999999999,,,2021-06-30,https://logo.clearbit.com/cassiopea.com
52,52,Castle Alternative Invest AG in Liquidation,CASN,CH,Registered Share,CHF,True,509275,CASN.SW,Financial Services,Asset Management,0.0,0.60710996,,0.64619005,0.04285,none,,,16.45,82.36,EBS,,,-1.492,16.023,,,2021-06-30,https://logo.clearbit.com/castleai.com
53,53,Castle Private Equity AG,CPEN,CH,Registered Share,CHF,True,4885474,CPEN.SW,Financial Services,Asset Management,0.0,0.51276,7.979,0.70495003,0.024069999999999998,none,,,3.513,52.343999999999994,EBS,0.299663,,6.23,15.497,,,2020-12-31,https://logo.clearbit.com/castlepe.com
54,54,Caterpillar Inc.,CAT,US,Registered Share,CHF,False,916546,CAT.SW,Industrials,Farm & Heavy Construction Machinery,0.1894,0.09568,0.289,0.13955,0.050580002,none,,222.707,18.317,1.0190000000000001,EBS,0.889725,14.388,2.725,30.747,2.085,,2021-06-30,https://logo.clearbit.com/caterpillar.com
55,55,Cembra Money Bank AG,CMBN,CH,Registered Share,CHF,True,22517316,CMBN.SW,Financial Services,Banks—Regional,0.0,0.35548002,0.011000000000000001,0.44451,0.021879999,none,,,18.827,,EBS,0.744107,,8.919,37.367,0.062,11.916221,2021-06-30,https://logo.clearbit.com/cembra.ch
56,56,Chocoladefabriken Lindt & Sprüngli AG,LISN,CH,Registered Share,CHF,True,1057075,LISN.SW,Consumer Defensive,Confectioners,0.17035,0.0933,0.174,0.13034001,0.045339998,none,,32.474000000000004,4984.317,1.526,EBS,0.266554,36.172,6.162000000000001,19524.895,3.661,48.736686999999996,2021-06-30,https://logo.clearbit.com/lindt-spruengli.com
57,57,Chocoladefabriken Lindt & Sprüngli AG,LISP,CH,Participation Certificate,CHF,True,1057076,LISP.SW,Consumer Defensive,Confectioners,0.17035,0.0933,0.174,0.13034001,0.045339998,none,,32.474000000000004,4984.317,1.526,EBS,0.266554,3.951,0.6729999999999999,19524.895,3.661,51.273457,2021-06-30,https://logo.clearbit.com/lindt-spruengli.com
58,58,CI Com SA,CIE,CH,Bearer Share,CHF,True,162581,CIE.SW,Real Estate,Real Estate Services,0.0,0.0,,0.0,-0.017690001,none,,,,,EBS,0.426487,,,-10.74,,,2020-12-31,https://logo.clearbit.com/cicomsa.com
59,59,Cicor Technologies Ltd.,CICN,CH,Registered Share,CHF,True,870219,CICN.SW,Technology,Electronic Components,0.096590005,0.03443,0.07,0.05134,0.0382,none,,67.883,12.505,1.544,EBS,1.068462,8.981,0.867,27.45,2.092,,2021-06-30,https://logo.clearbit.com/cicor.com
60,60,Clariant AG,CLN,CH,Registered Share,CHF,True,1214263,CLN.SW,Basic Materials,Specialty Chemicals,0.1337,0.20865999,0.046,0.07951,0.02609,none,,86.399,2.5069999999999997,0.606,EBS,1.255331,14.852,1.986,6.912999999999999,0.88,,2021-06-30,https://logo.clearbit.com/clariant.com
61,61,COLTENE Holding AG,CLTN,CH,Registered Share,CHF,True,2534325,CLTN.SW,Healthcare,Medical Instruments & Supplies,0.21202,0.09075,0.381,0.19278999,0.18076,none,,61.211000000000006,4.727,0.787,EBS,1.034231,13.398,2.841,16.023,61.721000000000004,28.042555,2021-06-30,https://logo.clearbit.com/coltene.com
62,62,Comet Holding AG,COTN,CH,Registered Share,CHF,True,36082699,COTN.SW,Technology,Scientific & Technical Instruments,0.15775,0.10597999400000001,0.36200000000000004,0.13235999999999998,0.09043999999999999,none,,34.795,9.827,1.2790000000000001,EBS,1.469135,36.56,5.767,30.493000000000002,3.262,63.450835999999995,2021-06-30,https://logo.clearbit.com/comet-group.com
63,63,Compagnie de Saint-Gobain,GOB,FR,Bearer Share,CHF,False,490580,GOB.SW,Industrials,Building Products & Equipment,0.13225001,0.05149,0.24600000000000002,0.10207999999999999,0.055219997,none,,73.475,12.522,0.963,EBS,1.380471,7.23,0.956,35.954,,,2021-06-30,https://logo.clearbit.com/saint-gobain.com
64,64,Compagnie Financière Richemont SA,CFR,CH,Registered Share,CHF,True,21048333,CFR.SW,Consumer Cyclical,Luxury Goods,0.16525,0.098979995,0.121,0.11320999999999999,0.028260000000000004,none,,76.006,23.503,1.774,EBS,1.3092030000000001,27.296999999999997,4.511,31.113000000000003,16.844,,2021-03-31,https://logo.clearbit.com/richemont.com
65,65,Compagnie financière Tradition S.A.,CFT,CH,Bearer Share,CHF,True,1434511,CFT.SW,Financial Services,Capital Markets,0.0,0.079569995,-0.132,0.08137,0.05251,none,,79.396,40.968,1.838,EBS,0.269921,,0.971,52.42100000000001,-0.155,,2020-12-31,https://logo.clearbit.com/tradition.com
66,66,COSMO Pharmaceuticals N.V.,COPN,NL,Registered Share,CHF,True,32590356,COPN.SW,Healthcare,Drug Manufacturers—General,0.14524001,-0.16739,0.098,0.07011,0.0047999997999999995,none,,45.31399999999999,14.174000000000001,13.815,EBS,0.938271,127.381,18.500999999999998,25.886999999999997,,-24.823528,2021-06-30,https://logo.clearbit.com/cosmopharma.com
67,67,CPH Chemie + Papier Holding AG,CPHN,CH,Registered Share,CHF,True,162471,CPHN.SW,Basic Materials,Paper & Paper Products,0.08765,0.0551,0.051,0.027360000000000002,0.01114,none,,,18.836,0.981,EBS,0.468574,7.1160000000000005,0.624,78.235,-0.787,45.170066999999996,2021-06-30,https://logo.clearbit.com/cph.ch
68,68,Crealogix Holding AG,CLXN,CH,Registered Share,CHF,True,1111570,CLXN.SW,Technology,Software—Application,0.014939998999999999,-0.107939996,0.081,-0.04587,-0.026129997999999998,none,,54.318000000000005,21.675,1.254,EBS,0.530303,100.37100000000001,1.5,32.394,,29.197079,2020-12-31,https://logo.clearbit.com/crealogix.com
69,69,Credit Suisse Group AG,CSGN,CH,Registered Share,CHF,True,1213853,CSGN.SW,Financial Services,Banks—Diversified,0.0,0.01066,-0.13,0.11377000000000001,0.00026000000000000003,none,,521.445,128.319,4.381,EBS,1.5802459999999998,,-3.1289999999999996,18.073,-0.782,,2021-06-30,https://logo.clearbit.com/credit-suisse.com
70,70,Datacolor AG,DCN,CH,Registered Share,CHF,True,853104,DCN.SW,Technology,Scientific & Technical Instruments,0.03069,0.098629996,0.052000000000000005,0.010209999999999999,0.0056800004,none,,,282.166,2.2030000000000003,EBS,0.37542,31.471,0.966,292.497,,16.372795,2021-03-31,https://logo.clearbit.com/datacolor.com
71,71,Dätwyler Holding AG,DAE,CH,Bearer Share,CHF,True,3048677,DAE.SW,Industrials,Industrial Distribution,0.21298000000000003,0.13462000000000002,0.20800000000000002,0.16354000000000002,0.10035,none,,26.4,8.09,1.5419999999999998,EBS,1.16835,23.980999999999998,5.107,45.251999999999995,,35.923912,2021-06-30,https://logo.clearbit.com/datwyler.com
72,72,DKSH Holding AG,DKSH,CH,Registered Share,CHF,True,12667353,DKSH.SW,Industrials,Consulting Services,0.028870001,0.01677,0.027999999999999997,0.025009998999999998,0.03292,none,,32.866,9.335,0.986,EBS,0.48933699999999997,14.635,0.423,26.148000000000003,0.445,20.798817,2021-06-30,https://logo.clearbit.com/dksh.com
73,73,dormakaba Holding AG,DOKA,CH,Registered Share,CHF,True,1179595,DOKA.SW,Industrials,Security & Protection Services,0.12294000000000001,0.03174,-0.114,0.092080005,0.07616,none,,395.38699999999994,33.247,0.612,EBS,1.280022,11.450999999999999,1.4080000000000001,38.571,-0.147,17.871431,2020-12-31,https://logo.clearbit.com/dormakaba.com
74,74,Dottikon ES Holding AG,DESN,CH,Registered Share,CHF,True,58258171,DESN.SW,Basic Materials,Chemicals,0.3693,0.23899001,0.313,0.28308,0.06164,none,,,19.73,4.091,EBS,0.8989889999999999,45.214,16.697,51.724,0.76,,2021-03-31,https://logo.clearbit.com/dottikon.com
75,75,Dufry AG,DUFN,CH,Registered Share,CHF,True,2340545,DUFN.SW,Consumer Cyclical,Specialty Retail,-0.45571998,-0.97608,-0.252,-0.64454,-0.07242,none,,994.4789999999999,7.065,0.465,EBS,1.994388,-12.675,5.776,8.831,,5.258201000000001,2021-06-30,https://logo.clearbit.com/dufry.com
76,76,Edisun Power Europe AG,ESUN,CH,Registered Share,CHF,True,2473640,ESUN.SW,Utilities,Utilities—Renewable,0.74087,0.28051,-0.096,0.36158,0.014040001000000002,none,,135.408,27.941,1.345,EBS,0.680134,24.456999999999997,18.119,78.914,-0.009000000000000001,,2020-12-31,https://logo.clearbit.com/edisunpower.com
77,77,EEII AG,EEII,CH,Bearer Share,CHF,True,716295,EEII.SW,Financial Services,Asset Management,0.0,0.0,,1.1453198999999998,-0.24844000000000002,none,,23.024,0.16,0.213,EBS,0.513468,,-2.602,3.0589999999999997,,,2020-12-31,https://logo.clearbit.com/eeii.ch
78,78,EFG International AG,EFGN,CH,Registered Share,CHF,True,2226822,EFGN.SW,Financial Services,Banks—Diversified,0.0,0.15650999999999998,0.126,0.21986999999999998,0.00464,none,,,46.674,,EBS,1.034231,,-8.391,7.303999999999999,2.06,9.783783,2021-06-30,https://logo.clearbit.com/efginternational.com
79,79,Eli Lilly and Company,LLY,US,Registered Share,CHF,False,947556,LLY.SW,Healthcare,Drug Manufacturers—General,0.33931,0.22714001,0.226,0.28522,0.10614000000000001,none,,249.16299999999998,3.639,0.674,EBS,0.24421700000000002,25.284000000000002,8.579,7.109,-0.015,,2021-06-30,https://logo.clearbit.com/lilly.com
80,80,Elma Electronic AG,ELMN,CH,Registered Share,CHF,True,531916,ELMN.SW,Technology,Electronic Components,0.07937000000000001,0.04605,0.095,0.058769997000000004,0.059120003,none,,51.696999999999996,46.873000000000005,1.163,EBS,0.06004400000000001,13.459000000000001,1.068,202.576,1.932,,2021-06-30,https://logo.clearbit.com/elma.com
81,81,Emmi AG,EMMN,CH,Registered Share,CHF,True,1282989,EMMN.SW,Consumer Defensive,Packaged Foods,0.11394000000000001,0.05392,0.062,0.07833999999999999,0.07888999599999999,none,,36.135999999999996,46.988,1.252,EBS,0.304713,14.100999999999999,1.607,217.93099999999998,0.214,,2021-06-30,https://logo.clearbit.com/emmi.com
82,82,Ems-Chemie Holding AG,EMSN,CH,Registered Share,CHF,True,1644035,EMSN.SW,Basic Materials,Specialty Chemicals,0.30838000000000004,0.23695,-0.064,0.28171999999999997,0.15043999,none,,1.381,6.678999999999999,1.7819999999999998,EBS,0.523007,41.434,12.777999999999999,68.315,-0.07200000000000001,44.395412,2020-12-31,https://logo.clearbit.com/ems-group.com
83,83,Energiedienst Holding AG,EDHN,CH,Registered Share,CHF,True,3965118,EDHN.SW,Utilities,Utilities—Renewable,0.11485,0.06647,0.028999999999999998,0.06657,0.03032,none,,,1.963,0.255,EBS,0.184624,9.93,1.14,21.967,3.658,,2021-06-30,https://logo.clearbit.com/energiedienst.de
84,84,ENR Russia Invest SA,RUS,CH,Bearer Share,CHF,True,3447695,RUS.SW,Financial Services,Asset Management,0.0,-1.54579,-0.247,0.045760002,0.0017200001,none,,46.418,2.7439999999999998,1.7409999999999999,EBS,-0.12626199999999999,,8.741,14.279000000000002,,,2020-12-31,https://logo.clearbit.com/enr.ch
85,85,EPH European Property Holdings,EPH,VG,Registered Share,USD,True,1673866,EPH.SW,Real Estate,Real Estate Services,0.57505,0.23335999999999998,0.574,0.57493,0.026689999,none,,207.78599999999997,10.0,0.8079999999999999,EBS,0.18406199999999998,21.313000000000002,12.255999999999998,36.694,0.243,,2020-12-31,https://logo.clearbit.com/easternpropertyholdings.com
86,86,Evolva Holding SA,EVE,CH,Registered Share,CHF,True,2121806,EVE.SW,Healthcare,Biotechnology,-2.97629,0.0,0.608,-3.6556602,-0.13638,none,,11.219000000000001,0.016,0.7909999999999999,EBS,,-5.044,15.013,0.151,,,2021-06-30,https://logo.clearbit.com/evolva.com
87,87,Feintool International Holding AG,FTON,CH,Registered Share,CHF,True,932009,FTON.SW,Industrials,Specialty Industrial Machinery,0.16469,0.045919999999999996,0.426,0.08653,0.04504,none,,,13.477,0.9059999999999999,EBS,,2.7560000000000002,0.45399999999999996,66.50399999999999,,9.070081,2021-06-30,https://logo.clearbit.com/feintool.com
88,88,Flughafen Zürich AG,FHZN,CH,Registered Share,CHF,True,31941693,FHZN.SW,Industrials,Airports & Air Services,0.30421,-0.15026,-0.151,-0.14049,-0.00997,none,,79.595,17.942999999999998,3.2039999999999997,EBS,1.289001,34.324,10.442,75.798,,,2021-06-30,https://logo.clearbit.com/flughafen-zuerich.ch
89,89,Forbo Holding AG,FORN,CH,Registered Share,CHF,True,354151,FORN.SW,Industrials,Building Products & Equipment,0.17447000000000001,0.11514,0.149,0.14852001,0.10189,none,,6.773,116.902,1.561,EBS,0.9315370000000001,14.243,2.485,432.44699999999995,1.003,22.516706,2021-06-30,https://logo.clearbit.com/forbo.com
90,90,Formulafirst Ltd.,FFI,VG,Bearer Share,CHF,True,1462983,FFI.SW,Services,"Discount, Variety Stores",0.0,0.0,1.031,-1.89851,-0.010440000000000001,none,,,32.363,83.568,EBS,0.9613440000000001,,6.397,31.995,1.415,,2020-12-31,https://logo.clearbit.com/formulafirst.ch
91,91,Fundamenta Real Estate AG,FREN,CH,Registered Share,CHF,True,4582551,FREN.SW,Real Estate,Real Estate Services,0.0,0.7973899999999999,0.135,0.66995,0.0146200005,none,,141.55200000000002,0.091,0.38299999999999995,EBS,-0.042648,,31.511999999999997,15.857000000000001,0.44299999999999995,,2020-12-31,https://logo.clearbit.com/fundamentarealestate.ch
92,92,Galenica AG,GALE,CH,Registered Share,CHF,True,36067446,GALE.SW,Healthcare,Medical Distribution,0.059580002,0.050769999999999996,0.099,0.048639998,0.046189999999999995,none,,67.14399999999999,2.51,0.86,EBS,0.169423,19.252,1.147,22.351999999999997,0.19899999999999998,,2021-06-30,https://logo.clearbit.com/galenica.com
93,93,GAM Holding AG,GAM,CH,Registered Share,CHF,True,10265962,GAM.SW,Financial Services,Asset Management,0.00379,-0.00421,0.040999999999999995,-0.01599,-0.0029199999,none,,13.993,1.636,2.086,EBS,1.953423,103.889,0.39399999999999996,3.153,,4.485,2021-06-30,https://logo.clearbit.com/gam.com
94,94,Geberit AG,GEBN,CH,Registered Share,CHF,True,3017040,GEBN.SW,Industrials,Building Products & Equipment,0.31597,0.23495,0.37799999999999995,0.27819002,0.15542999999999998,none,,40.31,6.809,0.9640000000000001,EBS,0.642536,26.266,8.299,55.067,0.7340000000000001,,2021-06-30,https://logo.clearbit.com/geberit.com
95,95,General Electric Co.,GE,US,Registered Share,CHF,False,112258433,GE.SW,Industrials,Specialty Industrial Machinery,0.08613,-0.03102,0.08800000000000001,0.011290000000000001,0.00225,none,,189.959,17.514,0.8540000000000001,EBS,1.0763850000000001,21.705,1.869,30.502,,,2021-06-30,https://logo.clearbit.com/ge.com
96,96,Georg Fischer AG,FI-N,CH,Registered Share,CHF,True,175230,FI-N.SW,,,,,,,,,,,,,,,,,,,,No info,
97,97,Givaudan SA,GIVN,CH,Registered Share,CHF,True,1064593,GIVN.SW,Basic Materials,Specialty Chemicals,0.21548,0.12527001,0.047,0.16837,0.061220000000000004,none,,137.28799999999998,33.594,0.879,EBS,0.333333,33.249,7.164,378.647,0.165,,2021-06-30,https://logo.clearbit.com/givaudan.com
98,98,Glarner Kantonalbank,GLKBN,CH,Registered Share,CHF,True,18939665,GLKBN.SW,Financial Services,Banks—Regional,0.0,0.31114,0.141,0.38808000000000004,0.0038100001,none,,,106.992,,EBS,0.034825,,20.914,30.377,0.066,,2021-03-31,https://logo.clearbit.com/glkb.ch
99,99,Goodyear Tire & Rubber Company,GT,US,Registered Share,CHF,False,935430,GT.SW,Consumer Cyclical,Auto Parts,0.06293,-0.048760000000000005,0.149,0.00352,0.0016899999999999999,none,,211.747,5.205,0.626,EBS,2.261996,11.652999999999999,0.733,13.218,,,2021-03-31,https://logo.clearbit.com/goodyear.com
100,100,Graubündner Kantonalbank,GRKP,CH,Participation Certificate,CHF,True,134020,GRKP.SW,Financial Services,Banks—Regional,0.0,0.42426997,0.004,0.4504,0.00604,none,,,3294.869,,EBS,0.20619099999999999,,14.626,1087.4489999999998,0.005,22.157434,2020-12-31,https://logo.clearbit.com/gkb.ch
101,101,Groupe Minoteries SA,GMI,CH,Registered Share,CHF,True,1294946,GMI.SW,Consumer Defensive,Farm Products,0.08682000000000001,0.04177,-0.006999999999999999,0.04775,0.03257,none,,0.9620000000000001,14.697000000000001,1.1159999999999999,EBS,0.085129,8.63,0.7490000000000001,315.07,0.295,,2020-12-31,https://logo.clearbit.com/minoteries.ch
102,102,Gurit Holding AG,GUR,CH,Bearer Share,CHF,True,801223,GUR.SW,Basic Materials,Specialty Chemicals,0.13054000000000002,0.08134,0.043,0.11112001,0.10831001,none,,39.04,101.06200000000001,1.006,EBS,1.004975,13.290999999999999,1.735,371.02,0.45,32.24837,2020-12-31,https://logo.clearbit.com/gurit.com
103,103,HBM Healthcare Investments AG,HBMN,CH,Registered Share,CHF,True,1262725,HBMN.SW,Financial Services,Asset Management,0.0,0.98155,-0.396,0.98524004,0.20018,none,,4.7139999999999995,0.9,0.105,EBS,0.7048260000000001,,3.803,309.251,-0.39799999999999996,30.127659,2021-06-30,https://logo.clearbit.com/hbmhealthcare.com
104,104,Helvetia Holding AG,HELN,CH,Registered Share,CHF,True,46664220,HELN.SW,Financial Services,Insurance—Diversified,0.05053,0.025880001,0.149,0.04112,0.00402,none,,32.988,62.198,0.457,EBS,1.060254,11.075,0.56,112.012,0.132,2.0735523999999996,2020-12-31,https://logo.clearbit.com/helvetia.com
105,105,HIAG Immobilien Holding AG,HIAG,CH,Registered Share,CHF,True,23951877,HIAG.SW,Real Estate,Real Estate—Diversified,0.49193000000000003,0.72583,0.337,0.48672,0.013930000000000001,none,,107.3,2.349,0.188,EBS,0.342873,44.323,21.804000000000002,90.71700000000001,,26.288658,2020-12-31,https://logo.clearbit.com/hiag.com
106,106,Highlight Event and Entertainment AG,HLEE,CH,Bearer Share,CHF,True,358325,HLEE.SW,Communication Services,Entertainment,0.06587,-0.00634,-0.061,0.037890002,0.01242,none,,92.29799999999999,7.756,0.43,EBS,-0.28137,22.588,1.4880000000000002,11.545,,,2020-12-31,https://logo.clearbit.com/hlee.ch
107,107,HOCHDORF Holding AG,HOCN,CH,Registered Share,CHF,True,2466652,HOCN.SW,Consumer Defensive,Packaged Foods,0.0436,-0.22904000000000002,-0.309,-0.00775,-0.0038100001,none,,55.387,5.957999999999999,3.682,EBS,1.4085290000000001,14.655999999999999,0.639,85.042,,2.3794131000000003,2020-12-31,https://logo.clearbit.com/hochdorf.com
108,108,Holcim Ltd,HOLN,CH,Registered Share,CHF,True,1221405,HOLN.SW,Basic Materials,Building Materials,0.20897,0.07332999999999999,-0.08900000000000001,0.12487999999999999,0.032390002,none,,48.12,8.491,1.015,EBS,1.2763950000000002,9.317,1.9469999999999998,42.62,0.091,,2020-12-31,https://logo.clearbit.com/lafargeholcim.com
109,109,Huber+Suhner AG,HUBN,CH,Registered Share,CHF,True,3038073,HUBN.SW,Technology,Communication Equipment,0.10774,0.07028,-0.057999999999999996,0.0767,0.047470003,none,,0.107,10.454,2.972,EBS,0.771317,14.999,1.6159999999999999,30.224,0.27,27.181208,2020-12-31,https://logo.clearbit.com/hubersuhner.com
110,110,Hypothekarbank Lenzburg AG,HBLN,CH,Registered Share,CHF,True,134160,HBLN.SW,Financial Services,Mortgage Finance,0.0,0.21275,0.04,0.24530001,0.0031899999999999997,none,,,13464.618,,EBS,0.12106099999999999,,5.745,6937.8240000000005,-0.146,,2020-12-31,https://logo.clearbit.com/hbl.ch
111,111,Idorsia Ltd,IDIA,CH,Registered Share,CHF,True,36346343,IDIA.SW,Healthcare,Biotechnology,0.0,0.0,-0.8690000000000001,-17.531779999999998,-0.25627002,none,,176.83,5.551,7.856,EBS,0.724672,-7.071000000000001,119.709,2.929,,-6.080692,2021-06-30,https://logo.clearbit.com/idorsia.com
112,112,IGEA Pharma N.V.,IGPH,NL,Registered Share,CHF,True,41217478,IGPH.SW,Healthcare,Diagnostics & Research,0.0,0.0,32.429,-28.40632,-0.5702699999999999,none,,10.452,0.013999999999999999,0.978,EBS,-0.326516,-6.585,177.41400000000002,0.019,,,2020-06-30,https://logo.clearbit.com/igeapharma.nl
113,113,Implenia AG,IMPN,CH,Registered Share,CHF,True,2386855,IMPN.SW,Industrials,Engineering & Construction,-0.035410000000000004,-0.033770002,-0.08199999999999999,-0.05905,-0.048860002,none,,241.83900000000003,39.04,0.902,EBS,1.157126,-3.344,0.11800000000000001,15.114,,5.420792,2020-12-31,https://logo.clearbit.com/implenia.com
114,114,Ina Invest Holding AG,INA,CH,Registered Share,CHF,True,52402695,INA.SW,Real Estate,Real Estate Services,0.0,0.63653,,-1.96301,,none,,0.325,12.163,8.26,EBS,,,68.126,21.884,,,2020-06-30,https://logo.clearbit.com/ina-invest.com
115,115,INFICON Holding AG,IFCN,CH,Registered Share,CHF,True,1102994,IFCN.SW,Technology,Scientific & Technical Instruments,0.19702999999999998,0.12393,0.10300000000000001,0.15566,0.13340001,none,,8.627,24.629,1.788,EBS,0.742399,32.789,6.46,91.345,-0.11199999999999999,40.477077,2020-12-31,https://logo.clearbit.com/inficon.com
116,116,Interroll Holding AG,INRN,CH,Registered Share,CHF,True,637289,INRN.SW,Industrials,Specialty Industrial Machinery,0.20851,0.13520001,-0.005,0.17899999,0.13135,none,,1.952,119.111,1.5290000000000001,EBS,0.9833879999999999,22.291999999999998,4.648,377.996,0.45399999999999996,87.41778000000001,2020-12-31,https://logo.clearbit.com/interroll.com
117,117,Intershop Holding AG,ISN,CH,Registered Share,CHF,True,27377479,ISN.SW,Real Estate,Real Estate Services,0.8045,0.66780996,0.37799999999999995,0.80329,0.043289999999999995,none,,66.922,17.616,0.184,EBS,0.34991700000000003,17.264,13.889000000000001,374.017,0.526,27.767778000000003,2020-12-31,https://logo.clearbit.com/intershop.ch
118,118,Investis Holding SA,IREN,CH,Registered Share,CHF,True,32509429,IREN.SW,Real Estate,Real Estate Services,0.25476,0.63461,0.006999999999999999,0.23961,0.01714,none,,68.13,1.151,0.1,EBS,0.165745,41.644,10.609000000000002,64.486,0.023,,2020-12-31,https://logo.clearbit.com/investisgroup.com
119,119,IVF HARTMANN Holding AG,VBSN,CH,Registered Share,CHF,True,18762425,VBSN.SW,Healthcare,Medical Instruments & Supplies,0.1435,0.102469996,0.231,0.122250006,0.07915,none,,0.433,19.660999999999998,1.722,EBS,0.52549,13.469000000000001,1.933,58.619,0.619,,2020-12-31,https://logo.clearbit.com/ivf.hartmann.info
120,120,Julius Bär Gruppe AG,BAER,CH,Registered Share,CHF,True,10248496,BAER.SW,Financial Services,Asset Management,0.0,0.19479999,0.028999999999999998,0.33696997,0.00662,none,,,181.268,,EBS,1.511074,,-1.208,29.881999999999998,0.7020000000000001,,2020-12-31,https://logo.clearbit.com/juliusbaer.com
121,121,Jungfraubahn Holding AG,JFN,CH,Registered Share,CHF,True,1787578,JFN.SW,Industrials,Railroads,0.16174000000000002,-0.07343999999999999,-0.415,-0.08911000000000001,-0.00881,none,,18.301,3.4330000000000003,0.319,EBS,1.122128,46.193000000000005,7.471,101.7,-0.929,31.04925,2020-12-31,https://logo.clearbit.com/jungfrau.ch
122,122,Kardex Holding AG,KARN,CH,Registered Share,CHF,True,10083728,KARN.SW,Industrials,Specialty Industrial Machinery,0.15016,0.098570004,-0.151,0.13902001,0.12652001,none,,0.057,15.875,2.347,EBS,1.099502,24.274,3.645,22.554000000000002,-0.037000000000000005,48.676173999999996,2020-12-31,https://logo.clearbit.com/kardex.com
123,123,Klingelnberg AG,KLIN,CH,Registered Share,CHF,True,42046226,KLIN.SW,Industrials,Specialty Industrial Machinery,-0.0482,-0.045939997,-0.21600000000000003,-0.07692,-0.03304,none,,5.848,2.5540000000000003,0.9059999999999999,EBS,2.045055,-19.81,0.955,13.372,,,2021-03-31,https://logo.clearbit.com/klingelnberg.com
124,124,Komax Holding AG,KOMN,CH,Registered Share,CHF,True,1070215,KOMN.SW,Industrials,Specialty Industrial Machinery,0.074200004,-0.004079999999999999,-0.166,0.039049997999999995,0.016900001,none,,61.008,13.488,2.245,EBS,0.8739629999999999,42.153999999999996,3.128,61.52,3.073,16.203175,2020-12-31,https://logo.clearbit.com/komaxgroup.com
125,125,Kudelski S.A.,KUD,CH,Bearer Share,CHF,True,1226836,KUD.SW,Communication Services,Entertainment,0.0514,-0.0318,-0.005,0.01962,0.0074199997,none,,145.359,2.7739999999999996,1.337,EBS,0.9828629999999999,16.941,0.871,6.153,,3.7247705,2020-12-31,https://logo.clearbit.com/nagra.com
126,126,Kühne + Nagel International AG,KNIN,CH,Registered Share,CHF,True,2523886,KNIN.SW,Industrials,Integrated Freight & Logistics,0.07074,0.044970002,0.228,0.06046,0.081140004,none,,71.215,15.253,1.148,EBS,0.890365,21.660999999999998,1.5319999999999998,23.975,1.297,,2021-03-31,https://logo.clearbit.com/kuehne-nagel.com
127,127,Kuros Biosciences Ltd.,KURN,CH,Registered Share,CHF,True,32581411,KURN.SW,Healthcare,Biotechnology,-2.3481,-2.8521900000000002,0.662,-2.9183,-0.080860004,none,,2.847,0.866,7.686,EBS,1.055279,-5.732,13.46,2.58,,,2020-12-31,https://logo.clearbit.com/kuros.ch
128,128,Lalique Group SA,LLQ,CH,Registered Share,CHF,True,3381329,LLQ.SW,Consumer Cyclical,Luxury Goods,0.01857,-0.11565,-0.154,-0.0537,-0.010740000000000001,none,,37.316,9.283,1.034,EBS,1.045328,128.773,2.391,21.798000000000002,,,2020-12-31,https://logo.clearbit.com/lalique-group.com
129,129,Landis+Gyr Group AG,LAND,CH,Registered Share,CHF,True,37115349,LAND.SW,Industrials,Electrical Equipment & Parts,0.08738,-0.28907,-0.122,0.02634,0.009040000000000001,none,,18.977999999999998,4.876,0.8490000000000001,EBS,1.0673350000000001,18.258,1.595,47.678999999999995,,,2021-03-31,https://logo.clearbit.com/landisgyr.eu
130,130,lastminute.com N.V.,LMN,NL,Bearer Share,CHF,True,23806732,LMN.SW,Consumer Cyclical,Travel Services,-0.61427,-0.58257,-0.8390000000000001,-0.6301100000000001,-0.092080005,none,,155.907,12.700999999999999,0.6579999999999999,EBS,1.829187,-7.016,4.31,6.244,,34.62963,2020-12-31,https://logo.clearbit.com/lmgroup.lastminute.com
131,131,Leclanché S.A.,LECN,CH,Registered Share,CHF,True,11030311,LECN.SW,Industrials,Electrical Equipment & Parts,-2.9814599,0.0,0.222,-3.14741,-0.58168,none,,,0.006999999999999999,0.168,EBS,1.979236,-4.414,13.159,-0.301,,,2020-12-31,https://logo.clearbit.com/leclanche.com
132,132,LEM Holding SA,LEHN,CH,Registered Share,CHF,True,2242762,LEHN.SW,Technology,Electronic Components,0.23391001,0.18473,0.147,0.20233999,0.15387,none,,23.778000000000002,19.675,0.826,EBS,0.818131,30.23,7.071000000000001,115.76299999999999,1.252,61.944590000000005,2021-03-31,https://logo.clearbit.com/lem.com
133,133,Leonteq AG,LEON,CH,Registered Share,CHF,True,19089118,LEON.SW,Financial Services,Financial Conglomerates,0.0,0.16770001,0.002,0.14754,0.0037099997999999997,none,,1634.756,370.126,1.131,EBS,0.375345,,19.975,35.031,0.059000000000000004,13.325892999999999,2020-12-31,https://logo.clearbit.com/leonteq.com
134,134,Liechtensteinische Landesbank AG,LLBN,LI,Registered Share,CHF,True,35514757,LLBN.SW,Financial Services,Banks—Regional,0.0,0.24058000000000002,-0.038,0.28271999999999997,0.00475,none,,,31.694000000000003,,EBS,0.527363,,9.701,65.666,-0.196,,2020-12-31,https://logo.clearbit.com/llb.li
135,135,Logitech International S.A.,LOGN,CH,Registered Share,CHF,True,2575132,LOGN.SW,Technology,Computer Hardware,0.23471999999999998,0.18398,0.657,0.21944,0.23956999999999998,none,,1.517,8.878,1.499,EBS,0.641414,11.283,2.648,13.437999999999999,1.5919999999999999,,2021-06-30,https://logo.clearbit.com/logitech.com
136,136,Lonza Group AG,LONN,CH,Registered Share,CHF,True,1384101,LONN.SW,Healthcare,Diagnostics & Research,0.25151,0.14790999999999999,0.133,0.15727,0.03247,none,,49.687,6.7379999999999995,0.161,EBS,0.408963,46.909,11.798,91.744,-0.331,,2021-06-30,https://logo.clearbit.com/lonza.com
137,137,Luzerner Kantonalbank AG,LUKN,CH,Registered Share,CHF,True,1169360,LUKN.SW,Financial Services,Banks—Regional,0.0,0.39235002,0.239,0.45885,,none,,,976.789,,EBS,0.208754,,27.351999999999997,351.719,0.16899999999999998,,2021-03-31,https://logo.clearbit.com/lukb.ch
138,138,MCH Group AG,MCHN,CH,Registered Share,CHF,True,3954285,MCHN.SW,Communication Services,Advertising Agencies,-0.16108999,-0.43960997,-0.7490000000000001,-0.40502,-0.09386,none,,378.48800000000006,8.748,1.9769999999999999,EBS,1.094527,-12.991,2.093,4.498,,,2020-12-31,https://logo.clearbit.com/mch-group.com
139,139,Medacta Group SA,MOVE,CH,Registered Share,CHF,True,46852522,MOVE.SW,Healthcare,Medical Devices,0.27093,0.12262,0.055,0.17469,0.0773,none,,91.324,2.403,0.6859999999999999,EBS,1.16046,32.828,8.894,8.236,47.68,,2020-12-31,https://logo.clearbit.com/medacta.com
140,140,Medartis Holding AG,MED,CH,Registered Share,CHF,True,38620023,MED.SW,Healthcare,Medical Devices,0.094390005,-0.0075700004000000005,0.03,0.029939999999999998,0.008169999,none,,12.757,7.024,4.294,EBS,0.75656,81.962,7.737,18.087,2.298,,2020-12-31,https://logo.clearbit.com/medartis.com
141,141,Meier Tobler Group AG,MTG,CH,Registered Share,CHF,True,20806262,MTG.SW,Industrials,Specialty Industrial Machinery,0.06104,0.00792,0.024,0.03405,0.028450001000000003,none,,45.381,2.8110000000000004,0.682,EBS,1.300224,8.935,0.545,12.366,1.092,,2020-12-31,https://logo.clearbit.com/meiertobler.ch
142,142,Metall Zug AG,METN,CH,Registered Share,CHF,True,3982108,METN.SW,Industrials,Conglomerates,0.050279997,0.017490000000000002,-0.509,0.01212,0.007209999999999999,none,,0.9640000000000001,161.22899999999998,1.672,EBS,1.211166,23.134,1.163,933.023,-0.439,10.034069,2020-12-31,https://logo.clearbit.com/metallzug.ch
143,143,Meyer Burger Technology AG,MBTN,CH,Registered Share,CHF,True,10850379,MBTN.SW,Technology,Semiconductor Equipment & Materials,-0.6178,-0.71279997,-0.7170000000000001,-0.73679,-0.14762,none,,0.051,0.055999999999999994,5.008,EBS,2.993366,-18.811,11.620999999999999,0.10400000000000001,,,2020-12-31,https://logo.clearbit.com/meyerburger.com
144,144,Mikron Holding AG,MIKN,CH,Registered Share,CHF,True,339006,MIKN.SW,Industrials,Specialty Industrial Machinery,-0.033269997999999995,-0.08562,-0.09699999999999999,-0.07372999999999999,-0.041929997999999996,none,,16.579,2.47,0.889,EBS,0.899224,-9.972000000000001,0.332,8.887,-0.528,15.217391000000001,2020-12-31,https://logo.clearbit.com/mikron.com
145,145,mobilezone holding ag,MOZN,CH,Registered Share,CHF,True,27683769,MOZN.SW,Consumer Cyclical,Specialty Retail,0.04225,0.027889999999999998,-0.152,0.038510002,0.08005,none,,789.3969999999999,1.4180000000000001,1.213,EBS,0.738935,11.607000000000001,0.49,0.518,0.008,10.064516000000001,2020-12-31,https://logo.clearbit.com/mobilezone.ch
146,146,Mobimo Holding AG,MOBN,CH,Registered Share,CHF,True,1110887,MOBN.SW,Real Estate,Real Estate—Diversified,0.44451999999999997,0.3641,0.8240000000000001,0.41888002,0.019609999,none,,112.475,15.092,0.455,EBS,0.290215,31.101,13.825,237.30900000000003,-0.078,30.819983,2020-12-31,https://logo.clearbit.com/mobimo.ch
147,147,Molecular Partners AG,MOLN,CH,Registered Share,CHF,True,25637909,MOLN.SW,Healthcare,Biotechnology,0.0,0.0,-0.743,-9.91958,,none,,7.307,4.994,2.655,EBS,0.636263,-6.062,59.263999999999996,3.25,,-16.189655,2021-03-31,https://logo.clearbit.com/molecularpartners.com
148,148,Montana Aerospace AG,AERO,CH,Registered Share,CHF,True,111042565,AERO.SW,Industrials,Aerospace & Defense,0.0341,-0.08739000599999999,,-0.046560000000000004,-0.01481,none,,,,0.6920000000000001,EBS,,48.121,1.641,2108.76,,,No info,https://logo.clearbit.com/montana-aerospace.com
149,149,NEBAG AG,NBEN,CH,Registered Share,CHF,True,505943,NBEN.SW,Financial Services,Asset Management,0.0,-1.8580299999999998,-0.46299999999999997,0.64589,0.00897,none,,,2.885,276.036,EBS,0.553501,,33.284,9.269,1.045,,2020-12-31,https://logo.clearbit.com/nebag.ch
150,150,Nestlé AG,NESN,CH,Registered Share,CHF,True,3886335,NESN.SW,Consumer Defensive,Packaged Foods,0.20177001,0.14445,-0.08199999999999999,0.17176001,0.07216,none,,86.075,3.091,0.508,EBS,0.22111599999999998,20.947,4.226,16.224,-0.16899999999999998,,2020-12-31,https://logo.clearbit.com/nestle.com
151,151,New Value AG,NEWN,CH,Registered Share,CHF,True,1081986,NEWN.SW,Financial Services,Asset Management,0.0,0.0,,0.0,-0.07203999999999999,none,,28010.377,0.132,0.28,EBS,0.9872850000000001,,,0.0,,,2021-03-31,https://logo.clearbit.com/newvalue.ch
152,152,Newron Pharmaceuticals S.p.A.,NWRN,IT,Registered Share,CHF,True,2791431,NWRN.SW,Healthcare,Biotechnology,0.0,0.0,-0.428,-3.43591,-0.20256001,none,,152.76,1.751,5.495,EBS,1.145936,-2.217,7.586,0.966,,-1.640625,2020-12-31,https://logo.clearbit.com/newron.com
153,153,NIBE Industrier AB,NIBEB,SE,Registered Share,CHF,False,111709033,NIBEB.SW,,,,,,,,none,,,,,EBS,,,,,,,No info,
154,154,Novartis AG,NOVN,CH,Registered Share,CHF,True,1200526,NOVN.SW,Healthcare,Drug Manufacturers—General,0.36975,0.17426,0.14400000000000002,0.26671999999999996,0.06937,none,,66.223,2.376,0.47100000000000003,EBS,0.520202,11.557,4.273,22.504,0.551,,2021-06-30,https://logo.clearbit.com/novartis.com
155,155,Novavest Real Estate AG,NREN,CH,Registered Share,CHF,True,21218624,NREN.SW,Real Estate,Real Estate—Diversified,0.65705,0.73488,0.16399999999999998,0.56748,0.01377,none,,120.51299999999999,2.129,0.225,EBS,0.084024,41.273,27.118000000000002,41.29600000000001,0.23600000000000002,,2020-12-31,https://logo.clearbit.com/novavest.ch
156,156,ObsEva SA,OBSN,CH,Registered Share,CHF,True,34617770,OBSN.SW,Healthcare,Biotechnology,0.0,0.0,,0.0,-0.5685399999999999,none,,64.33800000000001,0.7559999999999999,3.2060000000000004,EBS,0.744372,-1.94,,0.665,,,2021-06-30,https://logo.clearbit.com/obseva.com
157,157,OC Oerlikon Corporation AG,OERL,CH,Registered Share,CHF,True,81682,OERL.SW,Industrials,Specialty Industrial Machinery,0.07706,0.0155,-0.039,0.01196,0.00483,none,,27.441,1.317,0.797,EBS,1.573797,19.115,1.473,4.064,1.194,15.283582000000001,2020-12-31,https://logo.clearbit.com/oerlikon.com
158,158,ONE swiss bank SA,ONE,CH,Registered Share,CHF,True,47324350,ONE.SW,Financial Services,Banks—Regional,0.0,-0.19502,-0.305,-0.13083,-0.00804,none,,4.296,0.129,0.9590000000000001,EBS,1.1724700000000001,,2.6689999999999996,3.7889999999999997,,,2020-12-31,https://logo.clearbit.com/oneswissbank.com
159,159,Orascom Development Holding AG,ODHN,CH,Registered Share,CHF,True,3828567,ODHN.SW,Consumer Cyclical,Lodging,0.13975,-0.07848,0.147,0.08607999999999999,0.01115,none,,85.521,5.638,0.757,EBS,1.280022,15.195,2.123,8.433,,,2021-03-31,https://logo.clearbit.com/orascomdh.com
160,160,Orell Füssli  AG,OFN,CH,Registered Share,CHF,True,342080,OFN.SW,Industrials,Specialty Business Services,0.1088,0.05923,-0.063,0.06834,0.04319,none,,1.661,39.295,2.044,EBS,0.379215,5.523,0.601,69.15100000000001,0.444,,2020-12-31,https://logo.clearbit.com/orellfuessli.com
161,161,Orior AG,ORON,CH,Registered Share,CHF,True,11167736,ORON.SW,Consumer Defensive,Packaged Foods,0.078379996,0.03632,-0.012,0.034710000000000005,0.03323,none,,246.855,2.818,0.816,EBS,0.5058819999999999,14.901,1.168,10.207,-0.23,17.72994,2020-12-31,https://logo.clearbit.com/orior.ch
162,162,Partners Group Holding AG,PGHN,CH,Registered Share,CHF,True,2460882,PGHN.SW,Financial Services,Asset Management,0.63598996,0.5718300000000001,-0.152,0.6291,0.13865999999999998,none,,38.064,46.583999999999996,2.6489999999999996,EBS,1.208402,40.121,25.517,86.315,-0.023,,2020-12-31,https://logo.clearbit.com/partnersgroup.com
163,163,Peach Property Group AG,PEAN,CH,Registered Share,CHF,True,11853036,PEAN.SW,Consumer Cyclical,Residential Construction,0.41618,2.17434,0.39799999999999996,0.40023000000000003,0.00801,none,,178.394,5.417000000000001,0.42100000000000004,EBS,0.942509,87.556,36.439,57.988,0.591,15.096154,2020-12-31,https://logo.clearbit.com/peachproperty.com
164,164,PepsiCo Inc.,PEP,US,Registered Share,CHF,False,961618,PEP.SW,Consumer Defensive,Beverages—Non-Alcoholic,0.18371001,0.11005,0.205,0.15678,0.08035,none,,274.698,4.18,0.6559999999999999,EBS,0.614846,15.685,2.8819999999999997,10.092,0.433,,2021-06-12,https://logo.clearbit.com/pepsico.com
165,165,Perfect Holding SA,PRFN,CH,Registered Share,CHF,True,911512,PRFN.SW,Industrials,Airports & Air Services,-0.13093,-0.0017,,-0.13239,-0.29552,none,,,0.0,1.2209999999999999,EBS,2.775566,-21.406999999999996,2.803,-0.002,,,2020-12-31,https://logo.clearbit.com/perfect.aero
166,166,Perrot Duval Holding SA,PEDU,CH,Bearer Share,CHF,True,25262070,PEDU.SW,Industrials,Specialty Industrial Machinery,-0.29636999999999997,0.08182,-0.937,-0.26716,-0.06527999999999999,none,,14.12,169.28,5.504,EBS,0.532115,1.476,-0.43700000000000006,154.444,,,2020-10-31,https://logo.clearbit.com/perrotduval.com
167,167,Philip Morris International Inc,PMI,US,Registered Share,CHF,False,3754629,PMI.SW,Consumer Defensive,Tobacco,0.46016997,0.29691999999999996,0.06,0.42635,0.20081,none,,,2.504,0.525,EBS,0.8563649999999999,12.282,5.652,-7.41,0.324,,2021-03-31,https://logo.clearbit.com/pmi.com
168,168,Phoenix Mecano AG,PM,CH,Bearer Share,CHF,True,218781,PM.SW,Industrials,Specialty Industrial Machinery,0.08336,0.01324,0.092,0.051680002,0.042729996,none,,100.728,81.164,0.953,EBS,0.7822,9.802,0.8170000000000001,200.47,2.227,14.157973000000002,2020-12-31,https://logo.clearbit.com/phoenix-mecano.com
169,169,PIERER Mobility AG,PMAG,AT,Bearer Share,CHF,True,41860974,PMAG.SW,Consumer Cyclical,Recreational Vehicles,0.15336001,0.022809998999999997,0.21600000000000003,0.07084,0.041069999999999995,none,,81.12899999999999,10.387,0.935,EBS,1.2354889999999998,10.169,1.56,16.122,0.001,,2020-12-31,https://logo.clearbit.com/pierermobility.com
170,170,PLAZZA AG,PLAN,CH,Registered Share,CHF,True,28414291,PLAN.SW,Real Estate,Real Estate Services,0.78688,2.49588,0.005,0.78407997,0.01719,none,,,10.148,3.717,EBS,0.15699200000000002,32.348,25.454,308.879,0.848,,2020-12-31,https://logo.clearbit.com/plazza.ch
171,171,Poenina Holding AG,PNHO,CH,Registered Share,CHF,True,12252764,PNHO.SW,Industrials,Engineering & Construction,0.056339997999999995,0.04061,0.465,0.048189998,0.07569,none,,22.191999999999997,5.38,1.8319999999999999,EBS,0.590564,16.367,0.922,12.448,0.146,,2020-12-31,https://logo.clearbit.com/poenina.ch
172,172,PolyPeptide Group AG,PPGN,CH,Registered Share,CHF,True,111076085,PPGN.SW,Healthcare,Drug Manufacturers—Specialty & Generic,0.26053000000000004,0.1397,,0.19756001,0.08132,none,,,,0.809,EBS,,,,,,,No info,https://logo.clearbit.com/polypeptide.com
173,173,Polyphor AG,POLN,CH,Registered Share,CHF,True,10621379,POLN.SW,Healthcare,Biotechnology,-2.9087899,0.0,2009.0,-2.9689002,-0.37972,none,,68.46,3.1039999999999996,1.906,EBS,1.364749,0.086,-0.25,1.22,,,2020-12-31,https://logo.clearbit.com/polyphor.com
174,174,Private Equity Holding AG,PEHN,CH,Registered Share,CHF,True,608992,PEHN.SW,Financial Services,Asset Management,0.0,0.0,,1.7125701,-0.006490000000000001,none,,26.765,0.073,0.036000000000000004,EBS,0.416943,,-158.274,83.428,,,2020-09-30,https://logo.clearbit.com/peh.ch
175,175,PSP Swiss Property AG,PSPN,CH,Registered Share,CHF,True,1829415,PSPN.SW,Real Estate,Real Estate—Diversified,0.73275,0.8541200000000001,0.523,0.73072,0.02112,none,,67.203,0.66,0.11699999999999999,EBS,0.144518,28.834,21.128,98.26299999999999,0.853,31.072316999999998,2021-03-31,https://logo.clearbit.com/psp.info
176,176,RELIEF THERAPEUTICS Holding AG,RLF,CH,Registered Share,CHF,True,10019113,RLF.SW,Healthcare,Biotechnology,0.0,0.0,0.7609999999999999,-70.926735,-0.24721001,none,,1.329,0.011000000000000001,5.725,EBS,-22.904314000000003,-34.292,2432.104,0.021,,,2020-12-31,https://logo.clearbit.com/relieftherapeutics.com
177,177,Rieter Holding AG,RIEN,CH,Registered Share,CHF,True,367144,RIEN.SW,Industrials,Specialty Industrial Machinery,-0.07852999999999999,-0.15672,-0.075,-0.13647,-0.050219997999999995,none,,68.937,63.408,0.821,EBS,1.338308,-15.267000000000001,1.199,78.499,,18.092909,2020-12-31,https://logo.clearbit.com/rieter.com
178,178,Roche Holding AG,ROG,CH,Dividend Right Certificate,CHF,True,1203204,ROG.SW,Healthcare,Drug Manufacturers—General,0.39603,0.23688999,-0.064,0.32641998,0.14548999,none,,38.747,14.468,0.946,EBS,0.273079,12.581,4.982,42.597,0.27399999999999997,,2020-12-31,https://logo.clearbit.com/roche.com
179,179,Roche Holding AG,RO,CH,Bearer Share,CHF,True,1203211,RO.SW,Healthcare,Drug Manufacturers—General,0.39603,0.23688999,-0.064,0.32641998,0.14548999,none,,38.747,14.468,0.946,EBS,0.273079,13.652000000000001,5.407,42.597,0.27399999999999997,,2020-12-31,https://logo.clearbit.com/roche.com
180,180,Romande Energie Holding SA,HREN,CH,Registered Share,CHF,True,2560733,HREN.SW,Utilities,Utilities—Renewable,0.19975,0.08796,0.047,0.09983,,none,,9.302,261.91900000000004,2.21,EBS,0.171428,10.839,2.165,1768.9489999999998,1.8880000000000001,,2020-06-30,https://logo.clearbit.com/romande-energie.ch
181,181,Royal Bank of Canada,RY,CA,Registered Share,CHF,False,699232,RY.SW,Financial Services,Banks—Diversified,0.0,0.30139,0.561,0.41276999999999997,0.0087,none,,,460.577,,EBS,0.7915840000000001,,-3.722,60.044,1.705,,2021-04-30,https://logo.clearbit.com/rbc.com
182,182,Santhera Pharmaceuticals Holding AG,SANN,CH,Registered Share,CHF,True,2714864,SANN.SW,Healthcare,Biotechnology,-2.34242,0.0,-0.873,-2.5730299999999997,-0.23692,none,,,0.685,0.581,EBS,1.099159,-2.886,6.76,-0.35,,0.53004295,2020-12-31,https://logo.clearbit.com/santhera.com
183,183,Schaffner Holding AG,SAHN,CH,Registered Share,CHF,True,906209,SAHN.SW,Technology,Electronic Components,0.099350005,0.038689999999999995,0.024,0.063200004,0.049489997,none,,56.085,43.375,1.662,EBS,0.9237139999999999,11.460999999999999,1.139,99.719,7.212000000000001,16.467237,2021-03-31,https://logo.clearbit.com/schaffner.com
184,184,Schindler Holding AG,SCHP,CH,Participation Certificate,CHF,True,2463819,SCHP.SW,Industrials,Specialty Industrial Machinery,0.12494001,0.07503,0.063,0.10421,0.06534,none,,,22.569000000000003,0.441,EBS,0.590934,21.566,2.694,34.599000000000004,0.7040000000000001,,2021-03-31,https://logo.clearbit.com/schindler.com
185,185,Schindler Holding AG,SCHN,CH,Registered Share,CHF,True,2463821,SCHN.SW,Industrials,Specialty Industrial Machinery,0.12494001,0.07503,0.063,0.10421,0.06534,none,,,22.569000000000003,0.441,EBS,0.590934,20.718000000000004,2.588,34.599000000000004,0.7040000000000001,31.09426,2021-03-31,https://logo.clearbit.com/schindler.com
186,186,Schlatter Industries AG,STRN,CH,Registered Share,CHF,True,227731,STRN.SW,Industrials,Specialty Industrial Machinery,-0.048649997,-0.06952000400000001,0.084,-0.06242999999999999,-0.05382000000000001,none,,38.967,2.935,0.9990000000000001,EBS,0.735765,-9.086,0.442,21.2,,,2020-12-31,https://logo.clearbit.com/schlattergroup.com
187,187,Schweiter Technologies AG,SWTQ,CH,Bearer Share,CHF,True,1075492,SWTQ.SW,Industrials,Specialty Industrial Machinery,0.14059000000000002,0.08922000000000001,0.061,0.11602,0.07828,none,,5.186,114.339,2.04,EBS,0.9032610000000001,11.222000000000001,1.578,515.448,1.537,24.947588,2020-12-31,https://logo.clearbit.com/schweiter.ch
188,188,Schweizerische Nationalbank,SNBN,CH,Registered Share,CHF,True,131926,SNBN.SW,Financial Services,Banks—Regional,0.0,0.99415,-0.85,0.99416,0.06367,none,,,184832.0,,EBS,1.011223,,-0.055,1839506.0,-0.852,,2021-06-30,https://logo.clearbit.com/snb.ch
189,189,Scor SE,SCR,FR,Registered Share,CHF,False,2844943,SCR.SW,Financial Services,Insurance—Reinsurance,0.06047999999999999,0.0348,0.013999999999999999,0.05628,0.0124,none,,49.937,22.478,4.761,EBS,1.4214360000000001,3.758,0.22699999999999998,33.611,,,2021-06-30,https://logo.clearbit.com/scor.com
190,190,Sensirion Holding AG,SENS,CH,Registered Share,CHF,True,40670512,SENS.SW,Technology,Scientific & Technical Instruments,0.24497,0.16519,0.608,0.20114,0.13159001,none,,7.0089999999999995,5.932,3.648,EBS,0.555106,14.753,3.614,12.651,,,2020-12-31,https://logo.clearbit.com/sensirion.com
191,191,SF Urban Properties AG,SFPN,CH,Registered Share,CHF,True,3281613,SFPN.SW,Real Estate,Real Estate—Development,0.64507,0.51334,1.2990000000000002,0.6413800000000001,0.02578,none,,98.149,3.5669999999999997,0.337,EBS,0.372028,22.565,14.556,97.68700000000001,0.799,,2020-12-31,https://logo.clearbit.com/sfp.ch
192,192,SFS Group AG,SFSN,CH,Registered Share,CHF,True,23922930,SFSN.SW,Industrials,Tools & Accessories,0.1859,0.10694000000000001,0.016,0.12972999999999998,0.08392999,none,,3.403,5.005,1.9780000000000002,EBS,1.24765,15.214,2.8280000000000003,33.635,0.113,27.463312,2020-12-31,https://logo.clearbit.com/sfs.biz
193,193,SGS AG,SGSN,CH,Registered Share,CHF,True,249745,SGSN.SW,Industrials,Consulting Services,0.20304,0.09606,0.168,0.15691,0.09347000000000001,none,,410.983,157.248,1.237,EBS,0.6728390000000001,20.019000000000002,4.065,141.915,0.591,,2021-06-30,https://logo.clearbit.com/sgs.com
194,194,SHL Telemedicine Ltd.,SHLTN,IL,Registered Share,CHF,True,1128957,SHLTN.SW,Healthcare,Health Information Services,0.07566,0.0069199996,0.03,0.023529999,0.0094800005,hold,3.0,38.46,0.738,1.115,EBS,0.882808,75.234,5.693,3.602,-0.878,20.238096,2020-12-31,https://logo.clearbit.com/shl-telemedicine.com
195,195,Siegfried Holding AG,SFZN,CH,Registered Share,CHF,True,1428449,SFZN.SW,Healthcare,Drug Manufacturers—Specialty & Generic,0.15839,0.07203,0.04,0.094280005,0.04131,none,,19.09,13.02,1.704,EBS,0.635157,26.819000000000003,4.248,175.335,0.812,,2020-12-31,https://logo.clearbit.com/siegfried.ch
196,196,SIG Combibloc Group AG,SIGN,CH,Registered Share,CHF,True,43537795,SIGN.SW,Consumer Cyclical,Packaging & Containers,0.2616,0.03744,-0.026000000000000002,0.11832999999999999,0.028739999999999998,none,,92.83200000000001,1.11,0.797,EBS,0.39558499999999996,19.867,5.197,5.667000000000001,-0.29,,2020-12-31,https://logo.clearbit.com/sig.biz
197,197,Sika AG,SIKA,CH,Registered Share,CHF,True,41879292,SIKA.SW,Basic Materials,Specialty Chemicals,0.17759001,0.10465999999999999,-0.013999999999999999,0.14326,0.07141,none,,127.05,9.323,1.47,EBS,0.6507930000000001,29.543000000000003,5.247000000000001,23.179000000000002,0.387,,2020-12-31,https://logo.clearbit.com/sika.com
198,198,Sociedad Comercial del Plata SA,CADN,AR,Registered Share,CHF,False,455617,CADN.SW,Industrials,Conglomerates,0.10446999,0.09984,0.129,0.07075,0.03706,none,,1.3519999999999999,0.722,1.008,EBS,1.914235,-0.43,-0.045,9.174,,,2021-03-31,https://logo.clearbit.com/scp.com.ar
199,199,SoftwareONE Holding AG,SWON,CH,Registered Share,CHF,True,49645150,SWON.SW,Technology,Software—Application,0.0182,0.022369999999999998,0.028999999999999998,0.01737,0.02812,none,,6.609,3.742,1.1340000000000001,EBS,,19.921,0.36200000000000004,5.023,0.905,,2020-12-31,https://logo.clearbit.com/softwareone.com
200,200,Sonova Holding AG,SOON,CH,Registered Share,CHF,True,1254978,SOON.SW,Healthcare,Medical Instruments & Supplies,0.2379,0.2233,0.027999999999999997,0.19686002,0.061490003,none,,66.142,28.114,1.8130000000000002,EBS,0.779988,34.176,8.131,36.023,1.949,,2021-03-31,https://logo.clearbit.com/sonova.com
201,201,Spice Private Equity AG,SPCE,CH,Registered Share,USD,True,915331,SPCE.SW,Financial Services,Asset Management,0.0,0.0,,1.0643699,-0.23173000000000002,none,,,4.502,52.623999999999995,EBS,0.656022,,-1.003,23.528000000000002,,,2020-12-31,https://logo.clearbit.com/spice-private-equity.com
202,202,St.Galler Kantonalbank AG,SGKN,CH,Registered Share,CHF,True,1148406,SGKN.SW,Financial Services,Banks—Regional,0.0,0.34352002,-0.01,0.39383,0.00449,none,,,1298.645,,EBS,0.505804,,12.780999999999999,433.11800000000005,0.027000000000000003,15.178572,2020-12-31,https://logo.clearbit.com/sgkb.ch
203,203,Stadler Rail AG,SRAIL,CH,Registered Share,CHF,True,217818,SRAIL.SW,Industrials,Railroads,0.06682,0.044610000000000004,0.031,0.047459997000000004,0.022019999999999998,none,,178.65599999999998,9.291,0.7609999999999999,EBS,0.38594,22.58,1.5090000000000001,8.552,0.218,,2020-12-31,https://logo.clearbit.com/stadlerrail.com
204,204,Starrag Group Holding AG,STGN,CH,Registered Share,CHF,True,236106,STGN.SW,Industrials,Specialty Industrial Machinery,0.030780000000000002,-0.0039500003,-0.107,0.006,0.00322,none,,26.671,15.78,0.9790000000000001,EBS,,15.880999999999998,0.489,52.221000000000004,-0.945,11.039261,2021-06-30,https://logo.clearbit.com/starrag.com
205,205,Straumann Holding AG,STMN,CH,Registered Share,CHF,True,1228007,STMN.SW,Healthcare,Medical Instruments & Supplies,0.26815,0.06402000000000001,0.006,0.2175,0.07849,none,,59.676,39.931,2.458,EBS,0.90404,70.964,19.029,75.807,0.15,79.232506,2020-12-31,https://logo.clearbit.com/straumann.com
206,206,Sulzer AG,SUN,CH,Registered Share,CHF,True,3838891,SUN.SW,Industrials,Specialty Industrial Machinery,0.10142000000000001,0.025190001,-0.12,0.06312000000000001,0.02497,none,,131.231,42.213,1.252,EBS,1.9096520000000001,14.860999999999999,1.507,41.503,-0.233,21.373457000000002,2020-12-31,https://logo.clearbit.com/sulzer.com
207,207,Swiss Life Holding AG,SLHN,CH,Registered Share,CHF,True,1485278,SLHN.SW,Financial Services,Insurance—Diversified,0.0756,0.048189998,0.008,0.07362,0.0042899999999999995,none,,76.75399999999999,1789.5439999999999,3.15,EBS,1.232884,-17.261,-1.305,540.018,-0.122,,2020-12-31,https://logo.clearbit.com/swisslife.com
208,208,Swiss Prime Site AG,SPSN,CH,Registered Share,CHF,True,803838,SPSN.SW,Real Estate,Real Estate Services,0.55974,0.60234,-0.424,0.55140996,0.02791,none,,84.861,1.879,0.14400000000000002,EBS,0.434904,21.894000000000002,12.255,80.107,0.355,24.962025,2020-12-31,https://logo.clearbit.com/sps.swiss
209,209,Swiss Re AG,SREN,CH,Registered Share,CHF,True,12688156,SREN.SW,Financial Services,Insurance—Reinsurance,-0.00987,-0.02026,-0.024,-0.011419998999999998,-0.00147,none,,52.208999999999996,69.898,0.34600000000000003,EBS,0.9147280000000001,-43.423,0.429,93.9,,,2020-12-31,https://logo.clearbit.com/swissre.com
210,210,Swiss Steel Holding AG,STLN,CH,Registered Share,CHF,True,579566,STLN.SW,Basic Materials,Steel,-0.024489999,-0.11265001,0.067,-0.050869998,-0.036960002,none,,163.58,0.055,0.797,EBS,1.695798,-32.109,0.7859999999999999,0.134,,5.3375,2021-03-31,https://logo.clearbit.com/swisssteel-group.com
211,211,Swisscom AG,SCMN,CH,Registered Share,CHF,True,874251,SCMN.SW,Communication Services,Telecom Services,0.32527,0.15878999,0.024,0.17679001,0.04883,none,,84.64,13.397,0.7809999999999999,EBS,0.12106099999999999,9.755,3.173,201.942,0.615,,2021-03-31,https://logo.clearbit.com/swisscom.ch
212,212,Swissquote Group Holding Ltd,SQN,CH,Registered Share,CHF,True,1067586,SQN.SW,Financial Services,Capital Markets,0.0,0.35292998,0.644,0.40995997,0.02012,none,,9.588,240.863,0.925,EBS,0.907968,,-2.463,29.713,1.3090000000000002,106.751595,2021-06-30,https://logo.clearbit.com/swissquote.ch
213,213,Tecan Group AG,TECN,CH,Registered Share,CHF,True,1210019,TECN.SW,Healthcare,Medical Instruments & Supplies,0.18451001,0.14185999999999999,0.235,0.16483,0.073520005,none,,5.278,39.171,2.696,EBS,0.116086,39.505,7.289,61.348,0.414,78.87812,2020-12-31,https://logo.clearbit.com/tecan.com
214,214,TEMENOS AG,TEMN,CH,Registered Share,CHF,True,1245391,TEMN.SW,Technology,Software—Application,0.29727,0.21254998,0.106,0.2583,0.06777000000000001,none,,185.65599999999998,0.9159999999999999,0.669,EBS,1.117191,43.353,12.888,6.96,5.896,,2021-03-31,https://logo.clearbit.com/temenos.com
215,215,The Swatch Group AG,UHRN,CH,Registered Share,CHF,True,1225514,UHRN.SW,Consumer Cyclical,Luxury Goods,0.09258000599999999,-0.00911,-0.184,0.0168,0.00442,none,,0.866,34.595,2.233,EBS,0.9839690000000001,2.9739999999999998,0.275,210.485,-0.22699999999999998,,2020-12-31,https://logo.clearbit.com/swatchgroup.com
216,216,The Swatch Group AG,UHR,CH,Bearer Share,CHF,True,1225515,UHR.SW,Consumer Cyclical,Luxury Goods,0.09258000599999999,-0.00911,-0.184,0.0168,0.00442,none,,0.866,34.595,2.233,EBS,0.9839690000000001,28.629,2.6510000000000002,210.485,-0.22699999999999998,,2020-12-31,https://logo.clearbit.com/swatchgroup.com
217,217,Thurgauer Kantonalbank,TKBP,CH,Participation Certificate,CHF,True,23135110,TKBP.SW,Financial Services,Banks—Regional,0.0,0.40706003,0.02,0.40645,0.0051200003,none,,,223.52,,EBS,0.245439,,19.046,118.781,0.091,,2020-12-31,https://logo.clearbit.com/tkb.ch
218,218,Tornos Holding AG,TOHN,CH,Registered Share,CHF,True,1160768,TOHN.SW,Industrials,Specialty Industrial Machinery,-0.26676,-0.28874,-0.46399999999999997,-0.30069,-0.13142,none,,28.643,0.884,1.135,EBS,1.6806720000000002,-4.277,1.141,3.9730000000000003,,55.615387,2020-12-31,https://logo.clearbit.com/tornos.com
219,219,TX Group AG,TXGN,CH,Registered Share,CHF,True,1117825,TXGN.SW,Communication Services,Publishing,0.10082,-0.12024000000000001,-0.085,0.0057800002000000005,0.00118,none,,4.67,26.063000000000002,1.25,EBS,0.688225,10.969000000000001,1.1059999999999999,160.36700000000002,-0.833,,2020-12-31,https://logo.clearbit.com/tamedia.ch
220,220,u-blox Holding AG,UBXN,CH,Registered Share,CHF,True,3336167,UBXN.SW,Technology,Communication Equipment,0.057550002,-0.19377,-0.18,0.02791,0.01054,none,,54.36,13.604000000000001,1.5419999999999998,EBS,1.530864,29.64,1.706,40.731,,7.354949,2020-12-31,https://logo.clearbit.com/u-blox.com
221,221,UBS Group AG,UBSG,CH,Registered Share,CHF,True,24476758,UBSG.SW,Financial Services,Banks—Diversified,0.0,0.21795,0.207,0.27402002,0.007049999699999999,none,,,109.92200000000001,,EBS,1.122895,,1.141,16.47,0.628,,2021-06-30,https://logo.clearbit.com/ubs.com
222,222,Unisys Corporation,UIS,US,Registered Share,CHF,False,10641130,UIS.SW,Technology,Information Technology Services,-0.011089999,-0.20903999,-0.011000000000000001,-0.025490000000000002,-0.011859999999999999,none,,,10.692,1.6059999999999999,EBS,0.5484220000000001,-53.626000000000005,0.594,-4.948,,,2021-03-31,https://logo.clearbit.com/unisys.com
223,223,V-ZUG Holding AG,VZUG,CH,Registered Share,CHF,True,54248374,VZUG.SW,Technology,Consumer Electronics,0.16045,0.106429994,0.192,0.12120999999999998,0.08444,none,,,14.895999999999999,1.3519999999999999,EBS,,7.88,1.264,61.162,2.012,,2021-06-30,https://logo.clearbit.com/vzug.com
224,224,Valartis Group AG,VLRT,CH,Registered Share,CHF,True,36742768,VLRT.SW,Financial Services,Capital Markets,0.0,-0.9920700000000001,0.24600000000000002,-0.26349002,-0.05124,none,,42.776,7.9510000000000005,2.2969999999999997,EBS,0.47816400000000003,,7.435,23.939,,,2020-12-31,https://logo.clearbit.com/valartisgroup.ch
225,225,Valiant Holding AG,VATN,CH,Registered Share,CHF,True,1478650,VATN.SW,Financial Services,Banks—Regional,0.0,0.29166,0.064,0.35276002,0.00373,none,,,387.91,,EBS,0.767274,,13.95,149.50799999999998,0.015,11.7237015,2021-03-31,https://logo.clearbit.com/valiant.ch
226,226,Valora Holding AG,VALN,CH,Registered Share,CHF,True,208897,VALN.SW,Consumer Cyclical,Specialty Retail,0.026639999999999997,-0.00365,,-0.0005999999700000001,-0.00026000000000000003,none,,213.21200000000002,52.397,0.6809999999999999,EBS,1.437258,46.091,1.228,156.247,,11.285715,2020-12-31,https://logo.clearbit.com/valora.com
227,227,Varia US Properties AG,VARN,CH,Registered Share,CHF,True,30528529,VARN.SW,Real Estate,Real Estate Services,0.0,0.32439,0.064,0.42194998,0.0286,none,,154.19299999999998,11.092,3.0980000000000003,EBS,0.246639,,7.985,38.479,0.397,,2020-12-31,https://logo.clearbit.com/variausproperties.com
228,228,VAT Group AG,VACN,CH,Registered Share,CHF,True,31186490,VACN.SW,Industrials,Specialty Industrial Machinery,0.30391999999999997,0.22400999,0.306,0.25767002,0.12595999,none,,56.045,2.928,1.0070000000000001,EBS,1.085297,46.736000000000004,14.204,18.517,0.78,,2021-06-30,https://logo.clearbit.com/vatvalve.com
229,229,Vaudoise Assurances Holding SA,VAHN,CH,Registered Share,CHF,True,2154566,VAHN.SW,Financial Services,Insurance—Diversified,0.12903,0.09239,0.055999999999999994,0.11666001,0.01165,none,,0.001,46.115,0.098,EBS,0.569928,7.515,0.97,719.6460000000001,0.047,10.362812,2020-12-31,https://logo.clearbit.com/vaudoise.ch
230,230,Vetropack Holding AG,VETN,CH,Registered Share,CHF,True,53023559,VETN.SW,Consumer Cyclical,Packaging & Containers,0.22505999999999998,0.121429995,-0.045,0.11380000400000001,0.04902,none,,5.867000000000001,5.271,1.5819999999999999,EBS,0.673949,7.362,1.6569999999999998,38.519,0.012,,2020-12-31,https://logo.clearbit.com/vetropack.com
231,231,Vifor Pharma AG,VIFN,CH,Registered Share,CHF,True,36474934,VIFN.SW,Healthcare,Drug Manufacturers—Specialty & Generic,0.29138002,0.20413,,0.17778999,0.03859,none,,15.175999999999998,11.324000000000002,2.255,EBS,1.304152,16.442,4.791,55.043,,,2020-12-31,https://logo.clearbit.com/viforpharma.com
232,232,Villars Holding S.A.,VILN,CH,Registered Share,CHF,True,260965,VILN.SW,Consumer Defensive,Grocery Stores,0.04539,0.010190001,-0.33,0.01676,0.0059100003,none,,12.985999999999999,203.609,3.761,EBS,0.441456,23.706999999999997,1.0759999999999998,857.569,-0.335,,2020-12-31,https://logo.clearbit.com/villarsholding.ch
233,233,Von Roll Holding AG,ROL,CH,Bearer Share,CHF,True,324535,ROL.SW,Industrials,Electrical Equipment & Parts,0.05106,-0.11531,-0.322,-0.00558,-0.0029499999,none,,1.9780000000000002,0.138,3.4010000000000002,EBS,1.136212,22.281,1.138,0.48100000000000004,,,2020-12-31,https://logo.clearbit.com/vonroll.com
234,234,Vontobel Holding AG,VONN,CH,Registered Share,CHF,True,1233554,VONN.SW,Financial Services,Asset Management,0.0,0.21301001,0.251,0.2872,0.01035,none,,,274.20799999999997,,EBS,1.377665,,-5.56,33.929,0.495,16.442307999999997,2021-06-30,https://logo.clearbit.com/vontobel.com
235,235,VP Bank AG,VPBN,LI,Registered Share,CHF,True,31548726,VPBN.SW,Financial Services,Banks—Regional,0.0,0.1302,-0.086,0.21593,0.0030899998,none,,,542.9019999999999,,EBS,0.5317850000000001,,-5.64,169.408,-0.287,10.128586,2020-12-31,https://logo.clearbit.com/vpbank.com
236,236,VZ Holding AG,VZN,CH,Registered Share,CHF,True,52875158,VZN.SW,Financial Services,Asset Management,0.43581000000000003,0.35696998,0.09,0.41806000000000004,0.01901,none,,153.455,44.803999999999995,0.47100000000000003,EBS,0.158098,16.293,7.101,15.695,0.139,6.7434716,2020-12-31,https://logo.clearbit.com/vermoegenszentrum.ch
237,237,Walliser Kantonalbank,WKBN,CH,Registered Share,CHF,True,30595120,WKBN.SW,Financial Services,Banks—Regional,0.0,0.29405,0.013000000000000001,0.30951999999999996,0.0037700000000000003,none,,,208.13400000000001,,EBS,0.1507,,17.972,88.148,0.013000000000000001,,2021-06-30,https://logo.clearbit.com/bcvs.ch
238,238,Warteck Invest AG,WARN,CH,Registered Share,CHF,True,261948,WARN.SW,Real Estate,Real Estate Services,0.7298899999999999,0.75294995,0.031,0.72823,0.019430000000000003,none,,93.30799999999999,7.837999999999999,0.019,EBS,0.20314200000000002,37.618,27.456999999999997,1642.715,-0.196,,2020-12-31,https://logo.clearbit.com/warteck-invest.ch
239,239,WISeKey International Holding Ltd,WIHN,CH,Registered Share,CHF,True,31402927,WIHN.SW,Technology,Semiconductors,-1.163,-1.9391701000000001,-0.337,-1.27072,-0.22839001,none,,117.635,0.449,1.301,EBS,1.90028,-4.037,4.695,0.32,,-5.952381,2020-12-31,https://logo.clearbit.com/wisekey.com
240,240,Youngtimers AG,YTME,CH,Bearer Share,CHF,True,632685,YTME.SW,,,,,,,,,,,,,EBS,,,,,,,No info,
241,241,Ypsomed Holding AG,YPSN,CH,Registered Share,CHF,True,1939699,YPSN.SW,Healthcare,Medical Instruments & Supplies,0.09125,0.014400001,0.003,0.0068,0.00246,none,,54.376999999999995,1.7730000000000001,0.349,EBS,0.943615,53.282,4.862,31.273000000000003,,,2021-03-31,https://logo.clearbit.com/ypsomed.com
242,242,Zehnder Group AG,ZEHN,CH,Registered Share,CHF,True,27653461,ZEHN.SW,Industrials,Building Products & Equipment,0.12055999999999999,0.06286,0.008,0.08387,0.066939995,none,,3.0269999999999997,9.139,1.7409999999999999,EBS,0.9756360000000001,10.287,1.24,26.849,0.47,52.783504,2020-12-31,https://logo.clearbit.com/zehndergroup.com
243,243,Zimmer Biomet Holdings Inc.,ZBH,US,Registered Share,CHF,False,1262932,ZBH.SW,Healthcare,Medical Devices,0.28146,0.08009,0.036000000000000004,0.13354999,0.023880000000000002,none,,63.085,3.475,1.0070000000000001,EBS,1.349836,20.296,5.712999999999999,59.717,,,2021-03-31,https://logo.clearbit.com/zimmerbiomet.com
244,244,Züblin Immobilien Holding AG,ZUBN,CH,Registered Share,CHF,True,31230968,ZUBN.SW,Real Estate,Real Estate Services,0.6269399999999999,0.43866003,-0.05,0.6218100000000001,0.0159,none,,50.031000000000006,0.675,0.331,EBS,0.191919,27.189,17.046,40.330999999999996,9.03,,2021-03-31,https://logo.clearbit.com/zueblin.ch
245,245,Zug Estates Holding AG,ZUGN,CH,Registered Share,CHF,True,14805212,ZUGN.SW,Real Estate,Real Estate—Diversified,0.35076999999999997,0.22978,-0.5820000000000001,0.32746,0.017509999999999998,none,,64.642,33.724000000000004,0.366,EBS,0.43449399999999994,32.275999999999996,11.322000000000001,1795.014,-0.52,27.595629,2020-12-31,https://logo.clearbit.com/zugestates.ch
246,246,Zuger Kantonalbank AG,ZUGER,CH,Registered Share,CHF,True,49389124,ZUGER.SW,Financial Services,Banks—Regional,0.0,0.33055001,0.040999999999999995,0.37455,0.004370000000000001,none,,,42.84,,EBS,0.19809200000000002,,33.571999999999996,4746.429,0.002,,2021-06-30,https://logo.clearbit.com/zugerkb.ch
247,247,Zur Rose Group AG,ROSE,CH,Registered Share,CHF,True,4261528,ROSE.SW,Healthcare,Pharmaceutical Retailers,-0.07328,-0.09187999,0.134,-0.08194,-0.06663999999999999,none,,99.031,31.444000000000003,2.748,EBS,0.43171099999999996,-31.89,2.3369999999999997,55.553000000000004,,-93.45679,2020-12-31,https://logo.clearbit.com/zurrosegroup.com
248,248,Zurich Insurance Group AG,ZURN,CH,Registered Share,CHF,True,1107539,ZURN.SW,Financial Services,Insurance—Diversified,0.1013,0.06505,0.113,0.09729999,0.008490000000000001,none,,42.044,160.92,0.648,EBS,0.6185729999999999,8.325,0.843,257.77099999999996,0.26,,2020-12-31,https://logo.clearbit.com/zurich.com
249,249,Zwahlen & Mayr SA,ZWM,CH,Bearer Share,CHF,True,266173,ZWM.SW,Basic Materials,Steel,0.01239,-0.03996,-0.228,-0.0395,-0.01898,none,,13.59,73.39,1.85,EBS,-0.06478400000000001,25.087,0.311,543.504,,,2020-12-31,https://logo.clearbit.com/zwahlen.ch
